CustomerID,Recency,Frequency,Monetary
A0350,9,25,51238.1144
A0351,16,6,17890.311999999998
A0352,14,14,46424.03852
A0353,24,14,27607.68636
A0354,31,6,9973.92064
A0355,29,8,20105.90008
A0356,85,10,15733.79076
A0357,24,20,58583.1032
A0363,8,4,8215.5405
A0365,92,5,13192.476
A0367,281,1,20747.488
A0368,102,6,9982.31188
A0369,18,16,24467.37358
A0370,11,2,1600.085
A0371,4,17,39879.94032
A0372,4,7,53497.2525
A0373,88,3,15233.7896
A0375,28,28,91490.08616
A0376,134,2,1045.0
A0377,15,31,90803.77656
A0379,200,5,7788.1093
A0380,23,26,44892.25766
A0382,49,20,39290.6542
A0383,44,5,8219.31008
A0385,11,16,21365.703999999998
A0387,16,25,48119.9422
A0388,36,2,1366.024
A0389,63,6,11963.662799999998
A0390,43,3,12935.6748
A0393,37,8,22344.3324
A0395,14,5,19162.8396
A0399,16,18,46777.91372
A0401,247,3,1354.4388
A0403,29,18,37633.505040000004
A0404,78,7,11972.315999999999
A0406,24,3,2138.9974
A0407,46,7,17412.53008
A0408,16,27,84215.81636
A0409,36,5,43988.01264
A0410,100,3,23273.36
A0411,30,14,33055.8136
A0412,71,25,103467.83966
A0414,10,19,50802.3474
A0415,4,19,54608.59534
A0417,331,1,1182.72
A0418,43,4,1688.0094
A0419,28,18,33211.20156
A0420,64,4,6624.112
A0421,38,7,10615.4094
A0422,8,29,38852.14154
A0423,101,4,17705.647680000002
A0424,155,7,22291.5641
A0426,3,10,15457.50488
A0427,10,20,53668.96852
A0428,9,30,68214.84626
A0429,16,24,56170.27036
A0431,0,20,42921.03694
A0432,141,8,20877.8636
A0433,16,3,5226.462079999999
A0434,275,4,9433.902
A0435,31,5,9168.87488
A0436,17,15,20892.34086
A0438,7,21,52471.00508
A0442,92,3,3781.8
A0443,24,5,14467.0144
A0444,10,14,66391.1241
A0445,28,22,69718.16796
A0446,11,7,8024.2118
A0450,46,7,29682.67808
A0452,3,17,51035.60072
A0453,133,6,19213.7616
A0454,73,7,12743.98748
A0455,105,2,2772.0078
A0456,25,7,15127.86256
A0457,70,18,31211.8092
A0458,23,19,25885.64418
A0459,31,15,30868.958
A0461,150,5,12071.3444
A0462,11,16,94588.98832
A0463,14,19,42524.26112
A0464,16,26,55737.95916
A0466,18,10,14818.6566
A0467,2,8,16875.1588
A0470,10,24,50930.23436
A0471,3,13,30434.05088
A0472,39,24,38678.19816
A0473,10,15,34747.6274
A0474,42,7,55410.72
A0477,21,1,3565.056
A0478,9,7,9368.4158
A0480,22,27,42586.78934
A0481,9,5,10283.23096
A0482,31,4,10019.87808
A0484,101,2,7134.4416
A0486,65,3,3396.624
A0487,11,6,7832.14864
A0493,8,24,57110.203
A0494,64,10,28727.84208
A0495,9,26,42881.5884
A0496,29,20,41919.680179999996
A0497,14,21,51243.36924
A0498,98,4,12519.6456
A0499,36,6,5694.343000000001
A0500,15,6,17687.75496
A0502,18,11,21722.25292
A0503,7,15,27690.08864
A0504,35,16,41540.22568
A0505,9,14,33625.77328
A0506,16,20,27370.72904
A0507,105,7,19309.056
A0510,52,5,25498.20416
A0511,80,4,3579.1254
A0512,16,21,47105.839680000005
A0513,16,22,70536.3922
A0514,25,16,51271.95136
A0515,3,20,42637.890400000004
A0516,2,7,14034.8976
A0517,36,10,47434.30128
A0519,22,22,42422.7064
A0520,77,3,4263.2128
A0522,7,14,45104.94008
A0523,28,4,6731.2784
A0525,10,4,22838.0864
A0528,8,17,46616.37692
A0529,9,29,93357.25092
A0530,7,17,31043.235
A0531,3,31,76942.71316
A0534,73,23,50206.8252
A0536,65,5,23439.78288
A0539,21,4,10274.2788
A0541,23,5,12945.299
A0542,66,19,47053.24054
A0544,51,7,12953.798
A0545,10,9,14896.1194
A0546,164,5,12146.319
A0547,8,17,76588.84698
A0548,18,22,88428.33828
A0550,133,8,10693.54088
A0552,9,16,33275.403040000005
A0554,7,3,13128.739800000001
A0556,37,4,4126.496
A0557,18,26,43957.92852
A0559,17,23,50929.96704
A0560,157,3,2777.3256
A0561,3,7,17181.94708
A0562,367,1,3142.825
A0565,52,6,41481.625
A0566,94,9,19442.22684
A0567,11,9,21824.5488
A0569,9,8,7703.5545
A0571,39,4,7925.00508
A0574,15,31,63133.32704
A0575,74,4,5961.139999999999
A0576,52,21,47727.034960000005
A0578,11,24,54593.794720000005
A0579,51,3,5537.8576
A0581,10,5,3838.027
A0582,2,25,58630.030139999995
A0583,8,19,51466.5178
A0584,67,3,6360.9216
A0585,17,2,17040.45
A0586,91,9,11060.0008
A0587,10,22,35450.40128
A0589,115,12,30520.130640000003
A0592,21,7,14503.9122
A0593,11,19,42394.38672
A0597,46,4,8548.198
A0601,80,11,22221.6432
A0602,113,5,7300.78888
A0603,4,17,37971.4601
A0605,98,4,12800.11016
A0607,11,27,59831.2574
A0609,248,4,4933.3284
A0610,3,27,89642.5049
A0611,9,9,20294.608
A0615,7,11,39951.26736
A0616,11,30,75300.39862
A0618,51,2,4794.24
A0620,262,3,2950.332
A0624,32,3,5199.15
A0625,7,8,11095.5064
A0626,189,5,16648.12296
A0627,4,21,55727.3165
A0629,17,28,74925.30036
A0630,9,25,60678.71478
A0632,0,33,108218.955
A0633,11,21,54357.8831
A0635,43,5,11961.17712
A0636,15,2,3805.0086
A0637,58,5,7045.988960000001
A0640,87,11,22824.160320000003
A0641,4,22,105607.04174
A0642,37,8,14677.394
A0643,14,23,42985.02886
A0647,149,3,3428.9728
A0648,22,7,16181.58292
A0649,158,2,1677.016
A0654,150,6,20576.2144
A0655,4,25,52836.00978
A0657,9,15,22579.60852
A0659,14,17,15176.428899999999
A0660,35,22,65717.35262
A0661,18,4,4359.8258000000005
A0662,86,2,4123.768
A0665,49,22,43550.06656
A0666,193,3,11385.598399999999
A0667,57,3,4163.07264
A0670,14,23,46959.892
A0671,35,3,4415.15712
A0672,122,2,2832.8608000000004
A0673,15,29,61452.745520000004
A0678,23,10,15799.8106
A0679,1,21,47252.972519999996
A0681,9,21,41843.36562
A0682,51,2,2102.034
A0683,7,5,6796.05388
A0684,23,18,50681.35952
A0686,16,26,43363.0438
A0688,16,10,38630.527780000004
A0690,37,19,41335.451740000004
A0693,8,26,76988.27666
A0694,7,8,21215.587359999998
A0695,4,17,62673.45536
A0696,53,15,46249.586279999996
A0697,17,6,12823.63824
A0701,9,23,50037.39528
A0702,21,7,18571.47764
A0703,59,19,48763.78456
A0704,8,16,27979.952999999998
A0705,112,6,20229.616
A0706,22,8,26562.8992
A0707,3,13,39029.94814
A0708,42,30,87497.89356
A0709,14,9,14925.05864
A0710,17,6,12195.5
A0713,9,6,35481.9203
A0715,45,6,4420.900000000001
A0716,37,25,52974.0406
A0718,8,9,23999.30448
A0720,25,27,92360.8116
A0721,53,2,7743.4302
A0722,137,4,5943.608
A0724,35,20,65380.77812
A0725,7,9,43259.453480000004
A0726,24,7,11458.1258
A0727,32,3,10745.52808
A0728,154,3,8277.1608
A0730,203,1,19288.368
A0731,25,20,89636.23352000001
A0732,63,5,12749.987120000002
A0736,226,2,4890.1776
A0737,144,8,14365.0892
A0738,2,21,35175.2063
A0739,102,6,11881.4784
A0740,177,2,5500.133760000001
A0741,4,10,27572.641600000003
A0742,11,20,74867.5855
A0743,24,28,59606.427039999995
A0744,9,25,45165.38784
A0745,35,23,52042.53812
A0746,23,7,5382.4446
A0747,3,24,53322.91824
A0749,8,16,31065.125079999998
A0753,14,6,12335.0705
A0754,22,21,76203.0003
A0756,16,4,12812.75832
A0757,22,3,11150.028
A0758,10,3,17142.75
A0760,4,22,56559.01008
A0761,38,28,79820.90654
A0762,18,14,25119.3865
A0763,0,23,67630.12352
A0764,18,25,73451.62556
A0765,38,7,20201.36412
A0767,98,4,14993.6204
A0769,53,5,23654.14154
A0770,140,1,2787.84
A0771,21,20,57297.02332
A0772,52,2,3044.91
A0773,3,16,54055.6225
A0774,3,11,61376.75888
A0776,84,4,6388.1456
A0777,70,5,6345.826720000001
A0778,79,9,23540.29664
A0781,2,29,62839.25816
A0782,105,3,5313.3984
A0783,106,5,8120.0016
A0785,2,16,34041.4772
A0786,16,9,15628.4436
A0789,9,6,15697.64464
A0790,37,5,11238.48
A0791,28,6,16418.628
A0792,15,17,39605.81658
A0795,7,23,44652.56108
A0796,59,19,44784.4917
A0797,38,3,5752.398080000001
A0798,23,23,55839.7272
A0799,16,21,57199.47676
A0800,29,22,64388.18152
A0801,17,20,49295.38332
A0802,15,25,72820.62104
A0803,162,4,2921.8805
A0806,255,3,2470.952
A0807,115,5,6798.16088
A0808,56,29,113650.21052
A0809,17,1,1461.4776
A0810,23,6,12248.28544
A0811,17,22,51571.11
A0813,102,3,2715.68
A0815,4,30,52427.30826
A0816,16,20,47189.62872
A0817,87,3,6141.84
A0819,17,22,66311.35627999999
A0821,11,19,32336.90982
A0822,52,6,15109.66
A0823,226,1,6209.9136
A0824,46,28,90622.36652000001
A0826,4,21,45496.89026
A0827,87,4,17201.6413
A0828,147,5,10866.100320000001
A0830,0,26,68471.80608
A0833,14,7,9011.1
A0834,18,4,8818.75696
A0835,17,23,42311.12948
A0836,7,13,18338.80404
A0837,31,9,19179.94824
A0838,23,4,6476.40296
A0839,79,4,9034.4208
A0841,4,4,4679.615
A0842,30,19,46835.24978
A0843,100,5,25147.95288
A0845,44,24,85556.66646000001
A0846,58,15,43733.55208
A0847,11,5,9291.2117
A0850,78,4,8709.39296
A0852,4,27,53513.904500000004
A0853,7,25,60933.9325
A0854,102,3,10639.9656
A0856,63,5,5654.6566
A0859,211,3,2643.303
A0861,17,20,48752.28028
A0862,7,20,77191.7424
A0863,38,8,19887.683
A0864,1,10,29285.7
A0865,99,4,4760.3158
A0867,38,7,27575.47264
A0869,16,22,45417.16108
A0870,63,6,12287.9966
A0871,11,7,19255.92104
A0873,14,7,32280.755
A0875,46,4,8887.4896
A0877,44,9,30152.945160000003
A0878,3,24,40089.3595
A0879,2,26,59253.27964
A0880,14,27,76911.48052
A0881,25,29,93480.83382
A0883,24,13,28390.173199999997
A0884,10,20,56969.52976
A0886,121,5,7494.8216
A0887,16,29,88768.23284
A0890,10,23,71830.98814
A0891,31,6,18229.79
A0892,14,28,72432.87134
A0893,42,24,49825.005300000004
A0894,7,1,1182.72
A0895,92,5,14064.568
A0897,11,25,52806.06022
A0899,214,1,2524.7376
A0900,98,4,21774.34
A0901,7,5,21216.41468
A0903,11,18,31518.3026
A0904,44,2,1015.1687999999999
A0905,17,19,30064.15038
A0906,14,15,24875.15884
A0907,31,16,60026.62536
A0910,50,3,4474.366
A0913,212,5,6626.532
A0914,36,5,11250.954
A0915,155,5,4867.984
A0916,21,16,49488.317240000004
A0917,3,2,2132.3720000000003
A0918,109,10,17324.90424
A0919,25,19,41633.6086
A0920,3,5,12517.401600000001
A0921,11,5,7384.5728
A0922,2,17,36912.064080000004
A0923,49,8,15771.436000000002
A0925,154,5,12842.23776
A0927,3,25,105417.13242
A0928,42,8,38336.526
A0929,98,7,20141.33904
A0930,18,24,65266.72756
A0931,9,12,27023.15066
A0932,22,8,23193.258
A0933,7,21,49640.0871
A0934,17,26,99067.25374
A0935,35,4,5347.96154
A0937,11,18,42053.32092
A0938,88,3,2558.6
A0940,63,7,35003.517680000004
A0941,38,6,10781.929
A0942,21,26,86139.02036
A0943,35,29,70250.6629
A0944,16,20,35600.067
A0945,4,39,134834.46316
A0946,37,14,37679.432
A0947,22,6,8591.133
A0949,11,24,53114.22696
A0950,137,1,744.876
A0951,94,7,15346.3758
A0952,0,33,74417.23832
A0953,22,22,74846.93156
A0954,99,5,6196.64048
A0955,36,18,45877.11408
A0959,25,4,5023.88406
A0961,9,22,37208.33882
A0962,11,6,10299.056
A0963,15,28,81864.7884
A0964,72,5,14013.373760000002
A0965,17,22,74474.1676
A0967,56,9,26512.74168
A0970,7,7,41785.6628
A0972,73,15,39342.27844
A0973,291,1,2488.648
A0975,25,8,17426.4076
A0977,10,25,71324.95348
A0978,3,13,32831.5146
A0981,67,2,3186.4975999999997
A0982,0,26,84430.81888
A0983,44,2,4446.9744
A0986,93,3,13127.2768
A0987,8,28,76546.67326
A0988,22,17,69275.82128
A0989,171,4,6258.916
A0990,7,37,66780.0444
A0991,79,3,1501.2849999999999
A0992,64,17,50483.76288
A0993,17,22,37558.39826
A0994,10,25,47495.51342
A0995,25,3,6340.600640000001
A0996,50,6,10068.23704
A0997,8,21,38768.347
A0998,14,5,6209.3668
A1000,7,5,12014.8626
A1001,63,3,14821.3168
A1002,21,24,56374.96976
A1003,43,20,53747.528
A1004,162,3,10350.64
A1007,4,15,40701.60416
A1009,11,20,39811.437359999996
A1011,39,4,5921.8896
A1013,157,4,4502.432
A1014,31,19,30779.97304
A1015,11,6,13957.616
A1017,168,3,1898.71
A1018,4,9,20642.83856
A1020,16,25,47448.59708
A1022,31,2,5204.43
A1027,10,18,68940.61356
A1029,50,17,39520.140960000004
A1030,4,20,70372.00972
A1031,134,5,20463.352
A1032,213,2,1979.7359999999999
A1034,93,4,12598.56112
A1035,31,15,23067.58912
A1036,0,24,55814.31774
A1037,43,4,6943.092640000001
A1038,7,8,13699.507199999998
A1039,9,7,10001.11144
A1044,346,1,1461.4776
A1046,228,3,4823.848
A1047,11,9,45849.85788
A1049,14,4,12349.75456
A1050,29,18,89339.44002000001
A1054,11,20,50126.7032
A1055,11,21,48644.35454
A1056,45,19,50691.76968
A1057,0,25,40899.3358
A1058,18,17,56207.663140000004
A1059,64,5,16603.136
A1060,191,4,7440.616
A1062,3,29,110455.19378
A1063,53,6,6043.928
A1064,9,23,63143.46234
A1065,4,24,40827.3381
A1067,3,26,33561.2196
A1068,7,21,43138.98766
A1069,86,7,16783.74368
A1071,57,4,5067.09
A1072,21,12,51515.6101
A1073,99,9,20545.38524
A1076,3,24,48528.55662
A1077,71,4,11387.6752
A1078,74,5,46534.51096
A1079,2,16,30465.6596
A1083,43,3,2509.21
A1085,3,14,24100.55448
A1088,170,3,6699.952
A1089,10,24,65363.5408
A1090,212,3,10643.921600000001
A1091,66,4,5352.512000000001
A1092,11,37,59468.31734
A1093,23,5,19515.90584
A1094,30,5,25664.432960000002
A1095,15,22,55193.680479999995
A1098,65,4,13354.670080000002
A1100,0,30,62240.77444
A1101,21,28,83954.00844
A1102,35,6,8367.73062
A1103,4,22,42484.28792
A1104,57,7,12884.184000000001
A1106,37,4,4403.3554
A1108,58,8,12522.2724
A1110,1,21,59946.08314
A1112,147,2,2161.247
A1113,70,6,7025.036959999999
A1114,8,7,17811.23104
A1115,72,5,13012.617
A1116,11,21,64443.70768
A1118,43,12,32025.22992
A1119,22,5,6597.839999999999
A1120,8,31,104101.32268
A1123,73,8,16410.2758
A1124,29,18,37371.5664
A1125,142,7,14592.11136
A1127,283,2,3526.1027999999997
A1128,140,4,5844.18
A1129,9,22,48119.4524
A1130,21,32,119277.9062
A1131,144,4,8711.937600000001
A1132,102,6,7543.937000000001
A1133,49,23,50440.59896
A1134,162,3,12911.3984
A1135,37,19,65081.05584
A1136,65,5,10008.14176
A1137,15,20,60167.90438
A1138,30,9,23181.290399999998
A1139,24,16,42309.787599999996
A1142,8,32,68285.95782
A1144,7,15,46139.00468
A1146,24,19,40739.455760000004
A1147,99,7,9678.266
A1149,28,9,13089.6001
A1150,58,7,20873.15392
A1151,29,6,46388.11496
A1152,36,8,60797.5496
A1153,16,29,52291.015100000004
A1159,9,16,48327.70536
A1160,37,5,6702.08
A1161,10,28,68648.84674
A1162,24,22,50322.84442
A1163,53,28,84025.2644
A1164,11,32,69985.8434
A1165,38,5,10733.931999999999
A1167,51,19,33406.6208
A1168,39,6,10447.4212
A1169,18,20,43659.66884
A1170,4,4,11728.42304
A1171,197,2,4832.229600000001
A1172,93,6,26720.0484
A1173,49,2,5852.465279999999
A1175,70,5,8206.4512
A1176,8,12,35153.89372
A1178,16,18,31232.522259999998
A1179,60,4,5502.58
A1181,3,24,34749.90532
A1182,71,8,35388.9496
A1183,93,7,17771.127200000003
A1184,46,6,11401.837599999999
A1185,39,6,18247.674460000002
A1186,45,8,28148.064000000002
A1187,16,21,54722.5949
A1188,10,20,40443.9326
A1190,116,3,1910.5636
A1191,199,6,15310.34664
A1193,3,31,57752.79616
A1195,57,8,13945.30304
A1197,24,22,41307.66336
A1201,101,6,9731.762480000001
A1202,11,34,70342.40276
A1203,100,8,16503.0878
A1204,4,27,65256.28686
A1206,109,4,2593.36
A1208,17,18,39007.3104
A1209,154,2,16537.004
A1210,24,8,15371.51
A1211,31,6,37101.64976
A1212,18,25,64453.494920000005
A1214,8,20,48881.2292
A1215,11,27,85285.36232
A1216,14,20,53323.8265
A1217,3,6,23584.395999999997
A1219,25,3,4020.73
A1221,3,20,50146.66152
A1223,53,3,4397.2326
A1225,15,21,60136.74264
A1226,25,29,61775.74948
A1227,168,5,17930.814
A1228,8,21,52355.74148
A1229,32,7,19937.95184
A1230,8,21,65056.84706
A1232,9,31,110238.74226
A1236,8,29,78803.30062
A1237,24,17,49579.05998
A1239,23,6,6082.0285
A1240,18,27,51353.08888
A1241,45,7,18990.98576
A1242,65,5,14423.0635
A1243,29,4,4892.71904
A1244,86,10,35659.34852
A1248,31,6,31329.03388
A1249,8,7,9057.98088
A1251,16,6,10160.737
A1252,49,6,10559.874
A1253,16,2,3806.14464
A1254,15,14,38727.35708
A1255,3,22,102867.18476
A1256,49,3,2989.502
A1257,11,22,72722.70544
A1258,77,6,6564.5712
A1260,8,19,63719.543600000005
A1261,135,4,10525.279
A1264,8,5,10611.437600000001
A1265,9,29,71655.36664000001
A1269,43,4,5199.5988
A1270,14,19,43859.18774
A1271,7,21,65816.76348
A1272,31,6,12106.5692
A1274,38,16,39185.4361
A1276,58,5,10745.356
A1277,0,19,44043.82588
A1278,10,26,52460.1695
A1279,9,6,7866.6900000000005
A1280,15,4,10883.27888
A1282,10,23,46057.67656
A1284,60,5,28782.923000000003
A1285,63,24,59488.77652
A1286,14,13,40314.20268
A1287,37,5,6397.16
A1288,130,4,10012.6808
A1289,183,2,4407.4448
A1290,11,24,71588.63436
A1291,32,5,18013.08736
A1292,17,18,32292.92294
A1293,59,7,16194.24
A1295,107,6,12697.375680000001
A1296,36,7,11989.9835
A1297,4,19,42936.1003
A1299,18,17,64109.378659999995
A1300,101,7,9688.5624
A1301,3,4,3065.216
A1302,30,26,60816.6152
A1304,49,4,5566.52888
A1305,7,28,94804.80668
A1306,14,19,44567.07408
A1307,4,21,40869.73766
A1308,200,7,13664.1792
A1309,11,8,17129.67008
A1311,15,18,31142.70958
A1312,50,5,25463.680000000004
A1313,2,28,60998.45352
A1314,109,6,11023.272
A1316,3,32,114734.67826
A1318,155,3,8466.9376
A1319,30,17,78792.07518
A1320,17,18,42299.45148
A1323,4,22,68254.05436000001
A1325,39,6,7296.04864
A1326,80,9,15370.29204
A1329,4,22,49050.53236
A1330,64,1,1182.72
A1331,9,11,26471.42212
A1332,14,24,57166.59964
A1333,8,19,62289.82912
A1334,14,23,57892.47948
A1335,164,4,24483.14176
A1336,28,6,15468.372800000001
A1337,15,22,64254.30218
A1338,4,26,50933.96336
A1340,23,2,5464.799999999999
A1341,227,6,9831.58296
A1343,18,29,71994.45482
A1345,4,22,69913.0312
A1346,28,9,30877.3892
A1348,7,15,48766.882560000005
A1349,9,11,32199.81504
A1350,80,6,16114.828720000001
A1353,4,22,74414.3849
A1354,57,1,3142.825
A1357,63,20,61344.821840000004
A1358,18,16,37775.12612
A1359,57,4,12952.698000000002
A1360,4,26,60155.96338
A1361,10,7,11270.15496
A1362,3,21,41694.72108
A1363,29,6,17003.71056
A1365,25,2,4529.2984
A1366,52,4,3401.88
A1367,46,20,51307.23542
A1369,25,18,51725.55906
A1370,18,21,85824.56942
A1371,8,8,9370.4612
A1372,218,3,9588.876
A1373,8,3,5842.8447
A1374,14,6,30201.0328
A1375,177,4,5574.998
A1378,135,5,18686.14
A1381,15,25,57640.37092
A1382,3,7,16860.44658
A1384,109,5,19313.1092
A1385,17,7,7984.92612
A1386,57,4,8786.2984
A1387,17,19,65359.03788
A1388,4,23,103716.54568
A1390,18,27,63606.25464
A1395,126,4,8211.8784
A1397,35,9,30033.8864
A1401,9,8,16111.139640000001
A1402,77,5,8594.4996
A1403,43,14,42148.55378
A1406,3,23,61656.85936
A1407,37,9,10782.455600000001
A1408,7,14,20098.53202
A1409,7,15,62722.513920000005
A1410,16,24,79388.26931999999
A1411,25,6,11269.496
A1412,9,24,68096.20752
A1413,10,23,52738.794559999995
A1415,17,20,53019.49664
A1416,4,24,49938.383780000004
A1419,50,22,64257.845199999996
A1420,85,14,25054.18342
